measured_at,date,time,measurement_duration_sec,measurement_interval_sec,distance_cm_avg,ldr_avg,temperature,road_surface_temp,humidity,location,black_ice_status,photo_filename,photo_saved,photo_error,samples_taken,samples_total
2026-02-10T08:39:33+09:00,2026-02-10,08:39:33,30.0,5.0,204.33653157552084,225.0,0.1,-0.2,43.2,1,not_occurred,2026-02-10T08:39:33+09:00.jpg,True,,3,6
2026-02-10T08:53:55+09:00,2026-02-10,08:53:55,30.0,5.0,98.98408406575521,325.6666666666667,-0.2,1.5,47.5,2,occurred,2026-02-10T08:53:55+09:00.jpg,True,,3,6
2026-02-10T09:03:36+09:00,2026-02-10,09:03:36,30.0,5.0,74.2166249593099,362.1666666666667,-0.1,-0.4,47.8,3,not_occurred,2026-02-10T09:03:36+09:00.jpg,True,,6,6
2026-02-10T09:12:06+09:00,2026-02-10,09:12:06,30.0,5.0,79.59657958984374,442.2,-0.1,1.0,48.5,4,occurred,2026-02-10T09:12:06+09:00.jpg,True,,5,6
2026-02-10T09:33:47+09:00,2026-02-10,09:33:47,30.0,5.0,153.60397338867188,524.5,0.2,3.8,43.1,5,occurred,2026-02-10T09:33:47+09:00.jpg,True,,2,6
2026-02-11T08:49:53+09:00,2026-02-11,08:49:53,30.0,5.0,-1.0,-1.0,5.0,-0.4,61.1,1,not_occurred,2026-02-11T08:49:53+09:00.jpg,True,,0,6
2026-02-11T08:56:23+09:00,2026-02-11,08:56:23,30.0,5.0,82.01558685302734,490.25,3.7,2.1,68.3,2,unknown,2026-02-11T08:56:23+09:00.jpg,True,,4,6
2026-02-11T09:06:19+09:00,2026-02-11,09:06:19,30.0,5.0,67.37091674804688,555.1666666666666,3.2,3.2,71.6,3,unknown,2026-02-11T09:06:19+09:00.jpg,True,,6,6
2026-02-11T09:15:52+09:00,2026-02-11,09:15:52,30.0,5.0,70.5951161702474,596.1666666666666,3.2,2.2,71.6,4,not_occurred,2026-02-11T09:15:52+09:00.jpg,True,,6,6
2026-02-11T09:44:59+09:00,2026-02-11,09:44:59,30.0,5.0,-1.0,-1.0,3.8,8.6,67.6,5,not_occurred,2026-02-11T09:44:59+09:00.jpg,True,,0,6
2026-02-12T08:55:09+09:00,2026-02-12,08:55:09,30.0,5.0,296.5149200439453,582.75,0.4,-2.8,64.5,1,not_occurred,2026-02-12T08:55:09+09:00.jpg,True,,4,6
2026-02-12T08:59:48+09:00,2026-02-12,08:59:48,30.0,5.0,113.93602294921875,624.0,0.3,-0.9,65.9,2,not_occurred,2026-02-12T08:59:48+09:00.jpg,True,,4,6
2026-02-12T09:06:51+09:00,2026-02-12,09:06:51,30.0,5.0,67.03649088541667,606.6666666666666,0.3,1.4,68.4,3,not_occurred,2026-02-12T09:06:51+09:00.jpg,True,,6,6
2026-02-12T09:18:00+09:00,2026-02-12,09:18:00,30.0,5.0,68.73719991048178,740.5,0.3,1.8,67.9,4,occurred,2026-02-12T09:18:00+09:00.jpg,True,,6,6
2026-02-12T09:46:26+09:00,2026-02-12,09:46:26,30.0,5.0,162.05892333984374,904.5,5.8,6.6,47.3,5,not_occurred,2026-02-12T09:46:26+09:00.jpg,True,,2,6
2026-02-13T08:43:08+09:00,2026-02-13,08:43:08,30.0,5.0,484.110205078125,433.0,5.4,4.0,62.0,1,not_occurred,2026-02-13T08:43:08+09:00.jpg,True,,1,6
2026-02-13T08:47:13+09:00,2026-02-13,08:47:13,30.0,5.0,80.63930053710938,470.2,5.1,4.9,63.2,2,not_occurred,2026-02-13T08:47:13+09:00.jpg,True,,5,6
2026-02-13T08:55:17+09:00,2026-02-13,08:55:17,30.0,5.0,67.99403279622396,455.5,4.8,5.7,64.7,3,not_occurred,2026-02-13T08:55:17+09:00.jpg,True,,6,6
2026-02-13T09:03:24+09:00,2026-02-13,09:03:24,30.0,5.0,63.1634521484375,547.0,4.6,3.0,67.2,4,not_occurred,2026-02-13T09:03:24+09:00.jpg,True,,1,6
2026-02-13T09:34:35+09:00,2026-02-13,09:34:35,30.0,5.0,141.85193786621093,779.5,6.0,9.4,62.4,5,not_occurred,2026-02-13T09:34:35+09:00.jpg,True,,4,6
2026-02-14T08:45:46+09:00,2026-02-14,08:45:46,30.0,5.0,-1.0,-1.0,5.8,1.0,65.7,1,not_occurred,2026-02-14T08:45:46+09:00.jpg,True,,0,6
2026-02-14T08:52:19+09:00,2026-02-14,08:52:19,30.0,5.0,136.7884033203125,475.5,6.0,2.5,67.0,2,not_occurred,2026-02-14T08:52:19+09:00.jpg,True,,4,6
2026-02-14T09:00:37+09:00,2026-02-14,09:00:37,30.0,5.0,69.23740844726562,512.8333333333334,6.1,4.5,67.0,3,not_occurred,2026-02-14T09:00:37+09:00.jpg,True,,6,6
2026-02-14T09:07:34+09:00,2026-02-14,09:07:34,30.0,5.0,-1.0,-1.0,6.2,5.3,67.5,4,not_occurred,2026-02-14T09:07:34+09:00.jpg,True,,0,6
2026-02-14T09:35:40+09:00,2026-02-14,09:35:40,30.0,5.0,-1.0,-1.0,6.7,9.0,63.7,5,not_occurred,2026-02-14T09:35:40+09:00.jpg,True,,0,6
2026-02-15T09:08:18+09:00,2026-02-15,09:08:18,30.0,5.0,-1.0,-1.0,9.6,4.2,56.6,1,not_occurred,2026-02-15T09:08:18+09:00.jpg,True,,0,6
2026-02-15T09:13:15+09:00,2026-02-15,09:13:15,30.0,5.0,-1.0,-1.0,8.4,6.9,60.1,2,not_occurred,2026-02-15T09:13:15+09:00.jpg,True,,0,6
2026-02-15T09:24:53+09:00,2026-02-15,09:24:53,30.0,5.0,-1.0,-1.0,7.7,8.0,64.6,3,not_occurred,2026-02-15T09:24:53+09:00.jpg,True,,0,6
2026-02-15T09:31:56+09:00,2026-02-15,09:31:56,30.0,5.0,-1.0,-1.0,8.5,10.0,62.5,4,not_occurred,2026-02-15T09:31:56+09:00.jpg,True,,0,6
2026-02-15T09:55:19+09:00,2026-02-15,09:55:19,30.0,5.0,176.33344116210938,800.0,8.7,11.0,58.2,5,not_occurred,2026-02-15T09:55:19+09:00.jpg,True,,6,6
2026-02-16T08:48:10+09:00,2026-02-16,08:48:10,30.0,5.0,48.257241312662764,541.1666666666666,1.1,-1.0,32.2,1,not_occurred,2026-02-16T08:48:10+09:00.jpg,True,,6,6
2026-02-16T08:53:11+09:00,2026-02-16,08:53:11,30.0,5.0,142.31927490234375,461.5,1.5,-0.3,32.4,2,not_occurred,2026-02-16T08:53:11+09:00.jpg,True,,2,6
2026-02-16T09:01:55+09:00,2026-02-16,09:01:55,30.0,5.0,69.68044942220052,490.1666666666667,0.9,2.6,33.8,3,not_occurred,2026-02-16T09:01:55+09:00.jpg,True,,6,6
2026-02-16T09:08:51+09:00,2026-02-16,09:08:51,30.0,5.0,67.9711669921875,557.8333333333334,1.7,6.7,34.3,4,not_occurred,2026-02-16T09:08:51+09:00.jpg,True,,6,6
2026-02-16T09:37:44+09:00,2026-02-16,09:37:44,30.0,5.0,121.95364990234376,948.4,6.3,13.0,23.2,5,not_occurred,2026-02-16T09:37:44+09:00.jpg,True,,5,6
